-- MariaDB dump 10.19  Distrib 10.6.16-MariaDB, for debian-linux-gnu (x86_64)
--
-- Host: 127.0.0.1    Database: the_matrix
-- ------------------------------------------------------
-- Server version	10.6.16-MariaDB-0ubuntu0.22.04.1

/*!40101 SET @OLD_CHARACTER_SET_CLIENT=@@CHARACTER_SET_CLIENT */;
/*!40101 SET @OLD_CHARACTER_SET_RESULTS=@@CHARACTER_SET_RESULTS */;
/*!40101 SET @OLD_COLLATION_CONNECTION=@@COLLATION_CONNECTION */;
/*!40101 SET NAMES utf8mb4 */;
/*!40103 SET @OLD_TIME_ZONE=@@TIME_ZONE */;
/*!40103 SET TIME_ZONE='+00:00' */;
/*!40014 SET @OLD_UNIQUE_CHECKS=@@UNIQUE_CHECKS, UNIQUE_CHECKS=0 */;
/*!40014 SET @OLD_FOREIGN_KEY_CHECKS=@@FOREIGN_KEY_CHECKS, FOREIGN_KEY_CHECKS=0 */;
/*!40101 SET @OLD_SQL_MODE=@@SQL_MODE, SQL_MODE='NO_AUTO_VALUE_ON_ZERO' */;
/*!40111 SET @OLD_SQL_NOTES=@@SQL_NOTES, SQL_NOTES=0 */;

--
-- Current Database: `the_matrix`
--

CREATE DATABASE /*!32312 IF NOT EXISTS*/ `the_matrix` /*!40100 DEFAULT CHARACTER SET utf8mb4 COLLATE utf8mb4_general_ci */;

USE `the_matrix`;

--
-- Table structure for table `log_tg_user_at_changes`
--

DROP TABLE IF EXISTS `log_tg_user_at_changes`;
/*!40101 SET @saved_cs_client     = @@character_set_client */;
/*!40101 SET character_set_client = utf8 */;
CREATE TABLE `log_tg_user_at_changes` (
  `id` int(11) NOT NULL AUTO_INCREMENT,
  `dt_created` timestamp NOT NULL DEFAULT current_timestamp(),
  `dt_updated` timestamp NOT NULL DEFAULT current_timestamp(),
  `dt_deleted` timestamp NULL DEFAULT NULL,
  `fk_user_id` varchar(40) NOT NULL,
  `tg_user_id_const` varchar(40) NOT NULL,
  `tg_user_at_prev` varchar(40) NOT NULL,
  `tg_user_at_new` varchar(40) NOT NULL,
  UNIQUE KEY `ID` (`id`) USING BTREE
) ENGINE=InnoDB DEFAULT CHARSET=utf8mb3 COLLATE=utf8mb3_unicode_ci;
/*!40101 SET character_set_client = @saved_cs_client */;

--
-- Dumping data for table `log_tg_user_at_changes`
--

LOCK TABLES `log_tg_user_at_changes` WRITE;
/*!40000 ALTER TABLE `log_tg_user_at_changes` DISABLE KEYS */;
/*!40000 ALTER TABLE `log_tg_user_at_changes` ENABLE KEYS */;
UNLOCK TABLES;

--
-- Table structure for table `log_tw_conf_urls`
--

DROP TABLE IF EXISTS `log_tw_conf_urls`;
/*!40101 SET @saved_cs_client     = @@character_set_client */;
/*!40101 SET character_set_client = utf8 */;
CREATE TABLE `log_tw_conf_urls` (
  `id` int(11) NOT NULL AUTO_INCREMENT,
  `dt_created` timestamp NOT NULL DEFAULT current_timestamp(),
  `dt_updated` timestamp NOT NULL DEFAULT current_timestamp(),
  `dt_deleted` timestamp NULL DEFAULT NULL,
  `fk_user_id` varchar(40) NOT NULL,
  `tw_user_at` varchar(1024) DEFAULT '',
  `tw_user_handle` varchar(1024) DEFAULT '',
  `tw_conf_url` varchar(1024) DEFAULT '',
  `tw_conf_id` varchar(40) DEFAULT '',
  UNIQUE KEY `ID` (`id`) USING BTREE
) ENGINE=InnoDB AUTO_INCREMENT=30 DEFAULT CHARSET=utf8mb3 COLLATE=utf8mb3_unicode_ci;
/*!40101 SET character_set_client = @saved_cs_client */;

--
-- Dumping data for table `log_tw_conf_urls`
--

LOCK TABLES `log_tw_conf_urls` WRITE;
/*!40000 ALTER TABLE `log_tw_conf_urls` DISABLE KEYS */;
INSERT INTO `log_tw_conf_urls` VALUES (2,'2024-03-14 21:45:54','2024-03-14 21:45:54',NULL,'2','chucknorrisprc','','https://x.com/chucknorrisprc/status/1768392990609809777?s=20','1768392990609809777'),(4,'2024-03-18 18:05:06','2024-03-18 18:05:06',NULL,'4','fricardooo','','https://x.com/fricardooo/status/1769660430861897989?s=20','1769660430861897989'),(6,'2024-03-21 03:45:02','2024-03-21 03:45:02',NULL,'6','housing37','','https://x.com/housing37/status/1770550133387915683?s=20','1770550133387915683'),(7,'2024-03-21 20:52:40','2024-03-21 20:52:40',NULL,'7','richardslongg','','https://twitter.com/richardslongg/status/1770916148755726654?s=19','1770916148755726654'),(9,'2024-03-21 22:05:34','2024-03-21 22:05:34',NULL,'9','FuckWorldCoin','','https://x.com/FuckWorldCoin/status/1770934680252031387?s=20','1770934680252031387'),(10,'2024-04-04 19:27:31','2024-04-04 19:27:31',NULL,'10','TheSimonBurnett','','https://x.com/TheSimonBurnett/status/1775968345164001614?s=20','1775968345164001614'),(11,'2024-04-04 22:00:03','2024-04-04 22:00:03',NULL,'11','cryptonomad6','','https://x.com/cryptonomad6/status/1776006518002868572?s=46','1776006518002868572'),(12,'2024-04-04 22:13:32','2024-04-04 22:13:32',NULL,'12','midpointTO','','https://twitter.com/midpointTO/status/1775989944437064120?t=NrAJP03BDR5f07Aw03K20w&s=19','1775989944437064120'),(13,'2024-04-06 23:24:08','2024-04-06 23:24:08',NULL,'13','Defi_SB','','https://x.com/Defi_SB/status/1776752662832411124?t=2__f-g2CVJW_nUeEqD-4PQ&s=35','1776752662832411124'),(14,'2024-04-07 01:10:48','2024-04-07 01:10:48',NULL,'14','diamond_grip','','https://x.com/diamond_grip/status/1776779488476688875?s=46&t=pfYAtlj9U_iyDuit5cTn-g','1776779488476688875'),(16,'2024-04-07 07:02:55','2024-04-07 07:02:55',NULL,'16','goran44840523','','https://x.com/goran44840523/status/1776865384588620198?s=46&t=RjSxNI4Z5ftQMT3Jj2CMHQ','1776865384588620198'),(17,'2024-04-07 09:48:08','2024-04-07 09:48:08',NULL,'17','CatcoinPLS','','https://twitter.com/CatcoinPLS/status/1776909439150313621?t=D-k5F_NV8h8aWDM3jmZmpA&s=19','1776909439150313621'),(18,'2024-04-07 20:56:31','2024-04-07 20:56:31',NULL,'18','mariomoho','','https://x.com/mariomoho/status/1777077733123666379?s=46&t=E6sNX59ZSwm7v46Lfy1fXQ','1777077733123666379'),(19,'2024-04-07 23:58:57','2024-04-07 23:58:57',NULL,'19','nikexdior1','','https://x.com/nikexdior1/status/1777123791006466546?s=46&t=BJC4DjVY_OS3F0Urnxf_Ew','1777123791006466546'),(20,'2024-04-08 10:33:49','2024-04-08 10:33:49',NULL,'20','PulseBitcoin','','https://twitter.com/PulseBitcoin/status/1777278698254745660?t=fqrt2SWNhGvU-C_BIfKMOw&s=19','1777278698254745660'),(21,'2024-04-08 11:57:27','2024-04-08 11:57:27',NULL,'21','cryptofuturist9','','https://x.com/cryptofuturist9/status/1777304643829195246?s=46&t=CVqOovXV7yl3mhZvzj8Gfg','1777304643829195246'),(22,'2024-04-08 19:18:38','2024-04-08 19:18:38',NULL,'22','puthto_sucess','','https://x.com/puthto_sucess/status/1777408984414064833?=20','1777408984414064833'),(23,'2024-04-10 20:22:14','2024-04-10 20:22:14',NULL,'23','authenticabdel','','https://x.com/authenticabdel/status/1778155886416175433?s=46','1778155886416175433'),(24,'2024-04-11 06:13:13','2024-04-11 06:13:13',NULL,'24','NFTDjen','','https://twitter.com/NFTDjen/status/1778263045476847771','1778263045476847771'),(25,'2024-04-11 06:19:17','2024-04-11 06:19:17',NULL,'25','zephyrushom','','https://x.com/zephyrushom/status/1778306524215169228?s=46&t=b7U4WdhxMuhnF2TSIizy1Q','1778306524215169228'),(26,'2024-04-11 09:33:49','2024-04-11 09:33:49',NULL,'26','PLS3777','','https://x.com/PLS3777/status/1778355573853212832?t=7us75AlDUN9EOiM7sUK3oQ&s=35','1778355573853212832'),(27,'2024-04-11 11:30:23','2024-04-11 11:30:23',NULL,'27','nurseduckworth','','https://x.com/nurseduckworth/status/1778383062176329866?s=46&t=vLspChcJJ-qRWs26V077Zg','1778383062176329866'),(28,'2024-04-11 16:56:01','2024-04-11 16:56:01',NULL,'28','PLSChameleon','','https://twitter.com/PLSChameleon/status/1778466826563039468?t=adpAzMOzgA25xyQhSPyMEg&s=19','1778466826563039468'),(29,'2024-04-11 18:25:19','2024-04-11 18:25:19',NULL,'29','EscobarHHC','','https://twitter.com/EscobarHHC/status/1778489396293157183','1778489396293157183');
/*!40000 ALTER TABLE `log_tw_conf_urls` ENABLE KEYS */;
UNLOCK TABLES;

--
-- Table structure for table `shills`
--

DROP TABLE IF EXISTS `shills`;
/*!40101 SET @saved_cs_client     = @@character_set_client */;
/*!40101 SET character_set_client = utf8 */;
CREATE TABLE `shills` (
  `id` int(11) NOT NULL AUTO_INCREMENT,
  `dt_created` timestamp NOT NULL DEFAULT current_timestamp(),
  `dt_updated` timestamp NOT NULL DEFAULT current_timestamp(),
  `dt_deleted` timestamp NULL DEFAULT NULL,
  `fk_user_id` int(11) NOT NULL,
  `post_url` varchar(1024) NOT NULL,
  `post_id` varchar(1024) DEFAULT '<nil_post_id>',
  `post_uname` varchar(255) DEFAULT '<nil_post_uname>',
  `pay_usd` float DEFAULT -1,
  `shill_plat` varchar(40) DEFAULT 'unknown',
  `shill_type` varchar(40) DEFAULT 'unknown',
  `is_approved` tinyint(1) DEFAULT 0,
  `dt_updated_approve` timestamp NULL DEFAULT NULL,
  `is_paid` tinyint(1) DEFAULT 0,
  `is_removed` tinyint(1) DEFAULT 0,
  `dt_shill_removed` timestamp NULL DEFAULT NULL,
  `dt_tx_submit` timestamp NULL DEFAULT NULL,
  `dt_tx_status` timestamp NULL DEFAULT NULL,
  `pay_tx_submit` tinyint(1) DEFAULT 0,
  `pay_tx_status` int(11) DEFAULT -37,
  `pay_tx_hash` varchar(255) DEFAULT '0x0',
  `pay_to_wallet_addr` varchar(255) DEFAULT '0x0',
  `pay_tok_chain_amnt` float DEFAULT -1,
  `pay_tok_addr` varchar(255) DEFAULT '0x0',
  `pay_tok_symb` varchar(40) DEFAULT 'nil_tok_symb',
  `aux_tok_burn_addr` varchar(255) DEFAULT '0x0',
  `aux_tok_sel_send` tinyint(1) DEFAULT 0,
  UNIQUE KEY `ID` (`id`) USING BTREE
) ENGINE=InnoDB AUTO_INCREMENT=58 DEFAULT CHARSET=utf8mb3 COLLATE=utf8mb3_unicode_ci;
/*!40101 SET character_set_client = @saved_cs_client */;

--
-- Dumping data for table `shills`
--

LOCK TABLES `shills` WRITE;
/*!40000 ALTER TABLE `shills` DISABLE KEYS */;
INSERT INTO `shills` VALUES (2,'2024-03-15 18:18:11','2024-03-15 18:19:33',NULL,2,'https://x.com/chucknorrisprc/status/1768702864132657632?s=20','1768702864132657632','chucknorrisprc',2,'twitter','level_2',1,'2024-03-15 18:19:33',0,0,NULL,NULL,NULL,0,-37,'0x0','0x0',-1,'0x0','nil_tok_symb','0x0',0),(3,'2024-03-18 18:05:21','2024-03-18 18:28:02',NULL,4,'https://x.com/fricardooo/status/1769661736645247034?s=20','1769661736645247034','fricardooo',5,'twitter','level_3',1,'2024-03-18 18:28:02',0,0,NULL,NULL,NULL,0,-37,'0x0','0x0',-1,'0x0','nil_tok_symb','0x0',0),(4,'2024-03-18 18:49:05','2024-03-21 03:48:13',NULL,2,'https://x.com/chucknorrisprc/status/1769796625117888698?s=20','1769796625117888698','chucknorrisprc',2,'twitter','level_2',1,'2024-03-21 03:48:13',0,0,NULL,NULL,NULL,0,-37,'0x0','0x0',-1,'0x0','nil_tok_symb','0x0',0),(5,'2024-03-21 03:46:13','2024-04-08 22:30:10',NULL,6,'https://x.com/housing37/status/1770557256196591668?s=20','1770557256196591668','housing37',2,'twitter','level_2',1,'2024-04-08 00:14:09',1,0,NULL,'2024-04-08 22:29:52','2024-04-08 22:30:10',1,1,'0x9f19ca21486bd43a4e782c17be5e99e509f5863218c0ed39b395cdf392b9edc1','0x75621f628DF0748Ae8475FcD44ed394feB9819BD',2.7,'0x2E3B5FC17E9792Eb7179e0209b85630adBa2Fcae','tBST36.1','0x6B175474E89094C44Da98b954EedeAC495271d0F',0),(6,'2024-04-04 22:41:21','2024-04-11 17:45:37',NULL,11,'https://x.com/cryptonomad6/status/1776015656539787276?s=46','1776015656539787276','cryptonomad6',0.5,'twitter','level_0',1,'2024-04-08 00:27:12',1,0,NULL,'2024-04-11 17:43:20','2024-04-11 17:45:37',1,1,'0x35b9faca271680e0d29e98e1ad3160c2401fe7f489425af836afac0fd421cb8e','0xC4FD0E63C863bA9f6Cb1dF9AB218060b94a25F91',6.3,'0x7A580b7Cd9B48Ba729b48B8deb9F4D2cb216aEBC','BST','0x6B175474E89094C44Da98b954EedeAC495271d0F',0),(7,'2024-04-05 10:47:27','2024-04-11 17:45:37',NULL,11,'https://x.com/cryptonomad6/status/1776199815400935577?s=46','1776199815400935577','cryptonomad6',0.5,'twitter','level_0',1,'2024-04-07 03:41:50',1,0,NULL,'2024-04-11 17:43:20','2024-04-11 17:45:37',1,1,'0x35b9faca271680e0d29e98e1ad3160c2401fe7f489425af836afac0fd421cb8e','0xC4FD0E63C863bA9f6Cb1dF9AB218060b94a25F91',6.3,'0x7A580b7Cd9B48Ba729b48B8deb9F4D2cb216aEBC','BST','0x6B175474E89094C44Da98b954EedeAC495271d0F',0),(8,'2024-04-05 22:56:51','2024-04-11 17:45:37',NULL,11,'https://x.com/cryptonomad6/status/1776161195587670169?s=46','1776161195587670169','cryptonomad6',0.5,'twitter','level_0',1,'2024-04-07 03:41:44',1,0,NULL,'2024-04-11 17:43:20','2024-04-11 17:45:37',1,1,'0x35b9faca271680e0d29e98e1ad3160c2401fe7f489425af836afac0fd421cb8e','0xC4FD0E63C863bA9f6Cb1dF9AB218060b94a25F91',6.3,'0x7A580b7Cd9B48Ba729b48B8deb9F4D2cb216aEBC','BST','0x6B175474E89094C44Da98b954EedeAC495271d0F',0),(9,'2024-04-06 23:52:36','2024-04-11 04:43:23',NULL,13,'https://x.com/Defi_SB/status/1776759830184898908?t=11wWyjdt-8cNY9PHJiu2UQ&s=35','1776759830184898908','Defi_SB',1,'twitter','level_1',1,'2024-04-06 23:56:44',1,0,NULL,'2024-04-11 04:42:52','2024-04-11 04:43:23',1,1,'0xc45e068e788ede3000a416a66bcd5aa8ffa866d36b0889cd834c48b562187fa6','0x9e5De869d2981C413595117c43D5447642e7c454',16.65,'0x7A580b7Cd9B48Ba729b48B8deb9F4D2cb216aEBC','BST','0x6B175474E89094C44Da98b954EedeAC495271d0F',0),(10,'2024-04-07 00:10:25','2024-04-11 17:45:37',NULL,11,'https://x.com/cryptonomad6/status/1776764263253631086?s=46','1776764263253631086','cryptonomad6',2,'twitter','level_2',1,'2024-04-07 01:32:43',1,0,NULL,'2024-04-11 17:43:20','2024-04-11 17:45:37',1,1,'0x35b9faca271680e0d29e98e1ad3160c2401fe7f489425af836afac0fd421cb8e','0xC4FD0E63C863bA9f6Cb1dF9AB218060b94a25F91',6.3,'0x7A580b7Cd9B48Ba729b48B8deb9F4D2cb216aEBC','BST','0x6B175474E89094C44Da98b954EedeAC495271d0F',0),(11,'2024-04-07 01:57:04','2024-04-08 00:28:22',NULL,14,'https://x.com/Diamond_Grip/status/1776787426138280440?s=20','1776787426138280440','Diamond_Grip',2,'twitter','level_2',1,'2024-04-08 00:28:22',0,0,NULL,NULL,NULL,0,-37,'0x0','0x0',-1,'0x0','nil_tok_symb','0x0',0),(12,'2024-04-07 02:02:08','2024-04-07 03:42:58',NULL,14,'https://twitter.com/Diamond_Grip/status/1776792338721112254?s=20','1776792338721112254','Diamond_Grip',2,'twitter','level_2',1,'2024-04-07 03:42:58',0,0,NULL,NULL,NULL,0,-37,'0x0','0x0',-1,'0x0','nil_tok_symb','0x0',0),(13,'2024-04-07 03:26:09','2024-04-07 03:39:23',NULL,14,'https://twitter.com/Diamond_Grip/status/1776813429141172485?s=20','1776813429141172485','Diamond_Grip',5,'twitter','level_3',1,'2024-04-07 03:39:23',0,0,NULL,NULL,NULL,0,-37,'0x0','0x0',-1,'0x0','nil_tok_symb','0x0',0),(14,'2024-04-07 03:38:09','2024-04-07 03:40:07',NULL,14,'https://twitter.com/Diamond_Grip/status/1776814645606830229?s=20','1776814645606830229','Diamond_Grip',5,'twitter','level_3',1,'2024-04-07 03:40:07',0,0,NULL,NULL,NULL,0,-37,'0x0','0x0',-1,'0x0','nil_tok_symb','0x0',0),(15,'2024-04-07 04:15:22','2024-04-11 04:43:23',NULL,13,'https://x.com/Defi_SB/status/1776825932080427475?t=xhNTrMNhvJFMD_DOIqQhnQ&s=35','1776825932080427475','Defi_SB',5,'twitter','level_3',1,'2024-04-08 00:08:47',1,0,NULL,'2024-04-11 04:42:52','2024-04-11 04:43:23',1,1,'0xc45e068e788ede3000a416a66bcd5aa8ffa866d36b0889cd834c48b562187fa6','0x9e5De869d2981C413595117c43D5447642e7c454',16.65,'0x7A580b7Cd9B48Ba729b48B8deb9F4D2cb216aEBC','BST','0x6B175474E89094C44Da98b954EedeAC495271d0F',0),(16,'2024-04-07 09:24:12','2024-04-08 00:09:33',NULL,16,'https://x.com/goran44840523/status/1776903633944170684?s=46&t=RjSxNI4Z5ftQMT3Jj2CMHQ','1776903633944170684','goran44840523',0.5,'twitter','level_0',1,'2024-04-08 00:09:33',0,0,NULL,NULL,NULL,0,-37,'0x0','0x0',-1,'0x0','nil_tok_symb','0x0',0),(17,'2024-04-07 09:50:54','2024-04-11 04:28:46',NULL,17,'https://twitter.com/CatcoinPLS/status/1776910404901347705?t=5Ik4Bp2_6JwxQk1rROZ1xg&s=19','1776910404901347705','CatcoinPLS',5,'twitter','level_3',1,'2024-04-08 00:10:39',1,0,NULL,'2024-04-11 04:28:29','2024-04-11 04:28:46',1,1,'0x0e342eda6f2022f6fa1ae7d7d11e49167adba4c7ba934e843e1132600bb9b6e4','0xFDc3840B0C8C403DB40eAD02C98D529B85e5aB83',17.55,'0x7A580b7Cd9B48Ba729b48B8deb9F4D2cb216aEBC','BST','0x6B175474E89094C44Da98b954EedeAC495271d0F',0),(18,'2024-04-07 17:45:28','2024-04-11 04:28:46',NULL,17,'https://twitter.com/CatcoinPLS/status/1777028628322123815?t=sk24dD3Yof04FPQFNHtvIw&s=19','1777028628322123815','CatcoinPLS',5,'twitter','level_3',1,'2024-04-08 00:11:27',1,0,NULL,'2024-04-11 04:28:29','2024-04-11 04:28:46',1,1,'0x0e342eda6f2022f6fa1ae7d7d11e49167adba4c7ba934e843e1132600bb9b6e4','0xFDc3840B0C8C403DB40eAD02C98D529B85e5aB83',17.55,'0x7A580b7Cd9B48Ba729b48B8deb9F4D2cb216aEBC','BST','0x6B175474E89094C44Da98b954EedeAC495271d0F',0),(19,'2024-04-07 20:14:39','2024-04-11 17:45:37',NULL,11,'https://x.com/cryptonomad6/status/1777067385561678293?s=46','1777067385561678293','cryptonomad6',2,'twitter','level_2',1,'2024-04-08 00:27:45',1,0,NULL,'2024-04-11 17:43:20','2024-04-11 17:45:37',1,1,'0x35b9faca271680e0d29e98e1ad3160c2401fe7f489425af836afac0fd421cb8e','0xC4FD0E63C863bA9f6Cb1dF9AB218060b94a25F91',6.3,'0x7A580b7Cd9B48Ba729b48B8deb9F4D2cb216aEBC','BST','0x6B175474E89094C44Da98b954EedeAC495271d0F',0),(20,'2024-04-07 20:18:15','2024-04-11 04:28:46',NULL,17,'https://twitter.com/CatcoinPLS/status/1777068270887068027?t=BOiZEh8kZnSrmiIISQX8hg&s=19','1777068270887068027','CatcoinPLS',0.5,'twitter','level_0',1,'2024-04-08 00:12:17',1,0,NULL,'2024-04-11 04:28:29','2024-04-11 04:28:46',1,1,'0x0e342eda6f2022f6fa1ae7d7d11e49167adba4c7ba934e843e1132600bb9b6e4','0xFDc3840B0C8C403DB40eAD02C98D529B85e5aB83',17.55,'0x7A580b7Cd9B48Ba729b48B8deb9F4D2cb216aEBC','BST','0x6B175474E89094C44Da98b954EedeAC495271d0F',0),(21,'2024-04-07 20:37:00','2024-04-11 04:43:23',NULL,13,'https://x.com/Defi_SB/status/1777072980759330974?t=Baf8MXiHs1b2SQM2_iTnMQ&s=35','1777072980759330974','Defi_SB',5,'twitter','level_3',1,'2024-04-08 00:13:06',1,0,NULL,'2024-04-11 04:42:52','2024-04-11 04:43:23',1,1,'0xc45e068e788ede3000a416a66bcd5aa8ffa866d36b0889cd834c48b562187fa6','0x9e5De869d2981C413595117c43D5447642e7c454',16.65,'0x7A580b7Cd9B48Ba729b48B8deb9F4D2cb216aEBC','BST','0x6B175474E89094C44Da98b954EedeAC495271d0F',0),(22,'2024-04-08 12:11:04','2024-04-11 04:28:46',NULL,17,'https://twitter.com/CatcoinPLS/status/1777308082822939080?t=B-Jxyef_jZ1c5k9dmmXoLA&s=19','1777308082822939080','CatcoinPLS',1,'twitter','level_1',1,'2024-04-09 16:36:02',1,0,NULL,'2024-04-11 04:28:29','2024-04-11 04:28:46',1,1,'0x0e342eda6f2022f6fa1ae7d7d11e49167adba4c7ba934e843e1132600bb9b6e4','0xFDc3840B0C8C403DB40eAD02C98D529B85e5aB83',17.55,'0x7A580b7Cd9B48Ba729b48B8deb9F4D2cb216aEBC','BST','0x6B175474E89094C44Da98b954EedeAC495271d0F',0),(23,'2024-04-08 17:58:47','2024-04-11 04:43:23',NULL,13,'https://x.com/Defi_SB/status/1777395471348097413?t=JyeP5etA_koE8E7SibBIoA&s=35','1777395471348097413','Defi_SB',0.5,'twitter','level_0',1,'2024-04-09 16:37:31',1,0,NULL,'2024-04-11 04:42:52','2024-04-11 04:43:23',1,1,'0xc45e068e788ede3000a416a66bcd5aa8ffa866d36b0889cd834c48b562187fa6','0x9e5De869d2981C413595117c43D5447642e7c454',16.65,'0x7A580b7Cd9B48Ba729b48B8deb9F4D2cb216aEBC','BST','0x6B175474E89094C44Da98b954EedeAC495271d0F',0),(24,'2024-04-08 22:17:37','2024-04-08 22:30:10',NULL,6,'https://x.com/housing37/status/1777460476886110497','1777460476886110497','housing37',1,'twitter','level_1',1,'2024-04-08 22:18:57',1,0,NULL,'2024-04-08 22:29:52','2024-04-08 22:30:10',1,1,'0x9f19ca21486bd43a4e782c17be5e99e509f5863218c0ed39b395cdf392b9edc1','0x75621f628DF0748Ae8475FcD44ed394feB9819BD',2.7,'0x2E3B5FC17E9792Eb7179e0209b85630adBa2Fcae','tBST36.1','0x6B175474E89094C44Da98b954EedeAC495271d0F',0),(25,'2024-04-08 23:24:32','2024-04-09 16:30:11',NULL,12,'https://x.com/midpointTO/status/1777477399761891473?t=ItMjCAPTUR7IogI3TlvgCg&s=35','1777477399761891473','midpointTO',5,'twitter','level_3',1,'2024-04-09 16:30:11',0,0,NULL,NULL,NULL,0,-37,'0x0','0x0',-1,'0x0','nil_tok_symb','0x0',0),(26,'2024-04-08 23:31:11','2024-04-11 04:43:23',NULL,13,'https://x.com/Defi_SB/status/1777479184828571973?t=_kax3jLUrv8PO6bAaYmlNQ&s=35','1777479184828571973','Defi_SB',1,'twitter','level_1',1,'2024-04-09 16:38:55',1,0,NULL,'2024-04-11 04:42:52','2024-04-11 04:43:23',1,1,'0xc45e068e788ede3000a416a66bcd5aa8ffa866d36b0889cd834c48b562187fa6','0x9e5De869d2981C413595117c43D5447642e7c454',16.65,'0x7A580b7Cd9B48Ba729b48B8deb9F4D2cb216aEBC','BST','0x6B175474E89094C44Da98b954EedeAC495271d0F',0),(27,'2024-04-09 20:02:03','2024-04-11 17:45:37',NULL,11,'https://x.com/cryptonomad6/status/1777788902390083869?s=46','1777788902390083869','cryptonomad6',1,'twitter','level_1',1,'2024-04-10 23:52:13',1,0,NULL,'2024-04-11 17:43:20','2024-04-11 17:45:37',1,1,'0x35b9faca271680e0d29e98e1ad3160c2401fe7f489425af836afac0fd421cb8e','0xC4FD0E63C863bA9f6Cb1dF9AB218060b94a25F91',6.3,'0x7A580b7Cd9B48Ba729b48B8deb9F4D2cb216aEBC','BST','0x6B175474E89094C44Da98b954EedeAC495271d0F',0),(28,'2024-04-10 01:01:26','2024-04-11 04:28:46',NULL,17,'https://twitter.com/CatcoinPLS/status/1777864322460295206?t=3NF2TpK8OSK1VNKNnb_ZRA&s=19','1777864322460295206','CatcoinPLS',5,'twitter','level_3',1,'2024-04-10 23:51:32',1,0,NULL,'2024-04-11 04:28:29','2024-04-11 04:28:46',1,1,'0x0e342eda6f2022f6fa1ae7d7d11e49167adba4c7ba934e843e1132600bb9b6e4','0xFDc3840B0C8C403DB40eAD02C98D529B85e5aB83',17.55,'0x7A580b7Cd9B48Ba729b48B8deb9F4D2cb216aEBC','BST','0x6B175474E89094C44Da98b954EedeAC495271d0F',0),(29,'2024-04-10 03:07:37','2024-04-10 04:11:02',NULL,22,'https://x.com/puthto_sucess/status/1777895937337098329','1777895937337098329','puthto_sucess',10,'twitter','level_4',1,'2024-04-10 04:11:02',0,0,NULL,NULL,NULL,0,-37,'0x0','0x0',-1,'0x0','nil_tok_symb','0x0',0),(30,'2024-04-10 09:04:43','2024-04-11 04:28:46',NULL,17,'https://twitter.com/CatcoinPLS/status/1777985929799442601?t=zUWG7q8He96q7pz8isz2pg&s=19','1777985929799442601','CatcoinPLS',1,'twitter','level_1',1,'2024-04-10 23:50:46',1,0,NULL,'2024-04-11 04:28:29','2024-04-11 04:28:46',1,1,'0x0e342eda6f2022f6fa1ae7d7d11e49167adba4c7ba934e843e1132600bb9b6e4','0xFDc3840B0C8C403DB40eAD02C98D529B85e5aB83',17.55,'0x7A580b7Cd9B48Ba729b48B8deb9F4D2cb216aEBC','BST','0x6B175474E89094C44Da98b954EedeAC495271d0F',0),(31,'2024-04-10 15:40:45','2024-04-11 17:45:37',NULL,11,'https://x.com/cryptonomad6/status/1778044174803079591?s=46','1778044174803079591','cryptonomad6',0.5,'twitter','level_0',1,'2024-04-10 23:49:42',1,0,NULL,'2024-04-11 17:43:20','2024-04-11 17:45:37',1,1,'0x35b9faca271680e0d29e98e1ad3160c2401fe7f489425af836afac0fd421cb8e','0xC4FD0E63C863bA9f6Cb1dF9AB218060b94a25F91',6.3,'0x7A580b7Cd9B48Ba729b48B8deb9F4D2cb216aEBC','BST','0x6B175474E89094C44Da98b954EedeAC495271d0F',0),(32,'2024-04-10 21:22:54','2024-04-10 23:48:45',NULL,22,'https://x.com/puthto_sucess/status/1778171701886431554','1778171701886431554','puthto_sucess',1,'twitter','level_1',1,'2024-04-10 23:48:45',0,0,NULL,NULL,NULL,0,-37,'0x0','0x0',-1,'0x0','nil_tok_symb','0x0',0),(33,'2024-04-10 22:22:49','2024-04-10 23:47:51',NULL,23,'https://x.com/authenticabdel/status/1778186493099647274?s=46','1778186493099647274','authenticabdel',2,'twitter','level_2',1,'2024-04-10 23:47:51',0,0,NULL,NULL,NULL,0,-37,'0x0','0x0',-1,'0x0','nil_tok_symb','0x0',0),(34,'2024-04-10 22:52:50','2024-04-11 04:43:23',NULL,13,'https://x.com/Defi_SB/status/1778193565379854666?t=uW244-cyxpTNEtM55RMqWA&s=35','1778193565379854666','Defi_SB',1,'twitter','level_1',1,'2024-04-10 23:47:01',1,0,NULL,'2024-04-11 04:42:52','2024-04-11 04:43:23',1,1,'0xc45e068e788ede3000a416a66bcd5aa8ffa866d36b0889cd834c48b562187fa6','0x9e5De869d2981C413595117c43D5447642e7c454',16.65,'0x7A580b7Cd9B48Ba729b48B8deb9F4D2cb216aEBC','BST','0x6B175474E89094C44Da98b954EedeAC495271d0F',0),(35,'2024-04-11 00:06:13','2024-04-11 04:42:17',NULL,20,'https://x.com/PulseBitcoin/status/1778212702856344038','1778212702856344038','PulseBitcoin',2,'twitter','level_2',1,'2024-04-11 00:47:38',1,0,NULL,'2024-04-11 04:41:48','2024-04-11 04:42:17',1,1,'0xee0ed4949d4f339e287f848e262f143d60e6cbfaa6649e29da6d0bf86324adba','0xc54AdF706aFfA130F6af103c7EfAE9D4aCFedCe7',10.8,'0x7A580b7Cd9B48Ba729b48B8deb9F4D2cb216aEBC','BST','0x6B175474E89094C44Da98b954EedeAC495271d0F',0),(36,'2024-04-11 00:43:52','2024-04-11 04:42:17',NULL,20,'https://x.com/PulseBitcoin/status/1778222212983431230','1778222212983431230','PulseBitcoin',10,'twitter','level_4',1,'2024-04-11 00:46:34',1,0,NULL,'2024-04-11 04:41:48','2024-04-11 04:42:17',1,1,'0xee0ed4949d4f339e287f848e262f143d60e6cbfaa6649e29da6d0bf86324adba','0xc54AdF706aFfA130F6af103c7EfAE9D4aCFedCe7',10.8,'0x7A580b7Cd9B48Ba729b48B8deb9F4D2cb216aEBC','BST','0x6B175474E89094C44Da98b954EedeAC495271d0F',0),(37,'2024-04-11 00:55:45','2024-04-11 04:43:23',NULL,13,'https://x.com/Defi_SB/status/1778225245666812346?t=P_mKFdkdYTY_ZmCtdK_c8w&s=35','1778225245666812346','Defi_SB',5,'twitter','level_3',1,'2024-04-11 03:41:12',1,0,NULL,'2024-04-11 04:42:52','2024-04-11 04:43:23',1,1,'0xc45e068e788ede3000a416a66bcd5aa8ffa866d36b0889cd834c48b562187fa6','0x9e5De869d2981C413595117c43D5447642e7c454',16.65,'0x7A580b7Cd9B48Ba729b48B8deb9F4D2cb216aEBC','BST','0x6B175474E89094C44Da98b954EedeAC495271d0F',0),(38,'2024-04-11 03:39:49','2024-04-11 04:28:46',NULL,17,'https://x.com/CatcoinPLS/status/1778266465520521370','1778266465520521370','CatcoinPLS',2,'twitter','level_2',1,'2024-04-11 03:40:49',1,0,NULL,'2024-04-11 04:28:29','2024-04-11 04:28:46',1,1,'0x0e342eda6f2022f6fa1ae7d7d11e49167adba4c7ba934e843e1132600bb9b6e4','0xFDc3840B0C8C403DB40eAD02C98D529B85e5aB83',17.55,'0x7A580b7Cd9B48Ba729b48B8deb9F4D2cb216aEBC','BST','0x6B175474E89094C44Da98b954EedeAC495271d0F',0),(39,'2024-04-11 03:49:01','2024-04-11 03:49:01',NULL,13,'https://x.com/Defi_SB/status/1778268707183288378?t=450bwWIljg1G23jvE6vg-w&s=35','1778268707183288378','Defi_SB',-1,'twitter','unknown',0,NULL,0,0,NULL,NULL,NULL,0,-37,'0x0','0x0',-1,'0x0','nil_tok_symb','0x0',0),(40,'2024-04-11 04:15:59','2024-04-11 04:15:59',NULL,13,'https://x.com/Defi_SB/status/1778275614988112351?t=kS8Gud88e-h5nkQiV3idPA&s=35','1778275614988112351','Defi_SB',-1,'twitter','unknown',0,NULL,0,0,NULL,NULL,NULL,0,-37,'0x0','0x0',-1,'0x0','nil_tok_symb','0x0',0),(41,'2024-04-11 06:37:50','2024-04-11 06:37:50',NULL,24,'https://twitter.com/NFTDjen/status/1778310913302663316','1778310913302663316','NFTDjen',-1,'twitter','unknown',0,NULL,0,0,NULL,NULL,NULL,0,-37,'0x0','0x0',-1,'0x0','nil_tok_symb','0x0',0),(42,'2024-04-11 06:39:31','2024-04-11 06:39:31',NULL,25,'https://x.com/zephyrushom/status/1778311636883062877?s=46&t=b7U4WdhxMuhnF2TSIizy1Q','1778311636883062877','zephyrushom',-1,'twitter','unknown',0,NULL,0,0,NULL,NULL,NULL,0,-37,'0x0','0x0',-1,'0x0','nil_tok_symb','0x0',0),(43,'2024-04-11 06:40:13','2024-04-11 06:40:13',NULL,25,'https://x.com/zephyrushom/status/1778310210941297111?s=46&t=b7U4WdhxMuhnF2TSIizy1Q','1778310210941297111','zephyrushom',-1,'twitter','unknown',0,NULL,0,0,NULL,NULL,NULL,0,-37,'0x0','0x0',-1,'0x0','nil_tok_symb','0x0',0),(44,'2024-04-11 06:40:47','2024-04-11 06:40:47',NULL,25,'https://x.com/zephyrushom/status/1778310027738309027?s=46&t=b7U4WdhxMuhnF2TSIizy1Q','1778310027738309027','zephyrushom',-1,'twitter','unknown',0,NULL,0,0,NULL,NULL,NULL,0,-37,'0x0','0x0',-1,'0x0','nil_tok_symb','0x0',0),(45,'2024-04-11 11:12:50','2024-04-11 11:12:50',NULL,24,'https://twitter.com/NFTDjen/status/1778380326286553597','1778380326286553597','NFTDjen',-1,'twitter','unknown',0,NULL,0,0,NULL,NULL,NULL,0,-37,'0x0','0x0',-1,'0x0','nil_tok_symb','0x0',0),(46,'2024-04-11 11:45:17','2024-04-11 11:45:17',NULL,27,'https://x.com/nurseduckworth/status/1778388717159293230?s=46&t=vLspChcJJ-qRWs26V077Zg','1778388717159293230','nurseduckworth',-1,'twitter','unknown',0,NULL,0,0,NULL,NULL,NULL,0,-37,'0x0','0x0',-1,'0x0','nil_tok_symb','0x0',0),(47,'2024-04-11 11:51:35','2024-04-11 11:51:35',NULL,23,'https://x.com/authenticabdel/status/1778390244783440146?s=46','1778390244783440146','authenticabdel',-1,'twitter','unknown',0,NULL,0,0,NULL,NULL,NULL,0,-37,'0x0','0x0',-1,'0x0','nil_tok_symb','0x0',0),(48,'2024-04-11 11:55:03','2024-04-11 11:55:03',NULL,24,'https://twitter.com/NFTDjen/status/1778391094109315471','1778391094109315471','NFTDjen',-1,'twitter','unknown',0,NULL,0,0,NULL,NULL,NULL,0,-37,'0x0','0x0',-1,'0x0','nil_tok_symb','0x0',0),(49,'2024-04-11 12:01:52','2024-04-11 12:01:52',NULL,24,'https://twitter.com/NFTDjen/status/1778392636791103684','1778392636791103684','NFTDjen',-1,'twitter','unknown',0,NULL,0,0,NULL,NULL,NULL,0,-37,'0x0','0x0',-1,'0x0','nil_tok_symb','0x0',0),(50,'2024-04-11 12:04:20','2024-04-11 12:04:20',NULL,24,'https://twitter.com/NFTDjen/status/1778393513211891763','1778393513211891763','NFTDjen',-1,'twitter','unknown',0,NULL,0,0,NULL,NULL,NULL,0,-37,'0x0','0x0',-1,'0x0','nil_tok_symb','0x0',0),(51,'2024-04-11 13:58:11','2024-04-11 13:58:11',NULL,13,'https://x.com/Defi_SB/status/1778422136274890865?t=axDfO7G3A0TvcsYOCD1yDQ&s=35','1778422136274890865','Defi_SB',-1,'twitter','unknown',0,NULL,0,0,NULL,NULL,NULL,0,-37,'0x0','0x0',-1,'0x0','nil_tok_symb','0x0',0),(52,'2024-04-11 15:32:33','2024-04-11 15:32:33',NULL,27,'https://x.com/nurseduckworth/status/1778445876098146337?s=46&t=vLspChcJJ-qRWs26V077Zg','1778445876098146337','nurseduckworth',-1,'twitter','unknown',0,NULL,0,0,NULL,NULL,NULL,0,-37,'0x0','0x0',-1,'0x0','nil_tok_symb','0x0',0),(53,'2024-04-11 15:42:25','2024-04-11 15:42:25',NULL,17,'https://twitter.com/CatcoinPLS/status/1778448355720585224?t=ht58-BXTZJCcOA-_1CrfKQ&s=19','1778448355720585224','CatcoinPLS',-1,'twitter','unknown',0,NULL,0,0,NULL,NULL,NULL,0,-37,'0x0','0x0',-1,'0x0','nil_tok_symb','0x0',0),(54,'2024-04-11 17:00:55','2024-04-11 17:00:55',NULL,28,'https://twitter.com/PLSChameleon/status/1778468167070924923?t=GV5wUO6f6pEto8qrvT6srQ&s=19','1778468167070924923','PLSChameleon',-1,'twitter','unknown',0,NULL,0,0,NULL,NULL,NULL,0,-37,'0x0','0x0',-1,'0x0','nil_tok_symb','0x0',0),(55,'2024-04-11 17:51:22','2024-04-11 17:51:22',NULL,17,'https://twitter.com/CatcoinPLS/status/1778480845637980246?t=G34IEDB8oPM8k_Q_cOMIKw&s=19','1778480845637980246','CatcoinPLS',-1,'twitter','unknown',0,NULL,0,0,NULL,NULL,NULL,0,-37,'0x0','0x0',-1,'0x0','nil_tok_symb','0x0',0),(56,'2024-04-11 18:30:27','2024-04-11 18:30:27',NULL,29,'https://twitter.com/EscobarHHC/status/1778490566583669089','1778490566583669089','EscobarHHC',-1,'twitter','unknown',0,NULL,0,0,NULL,NULL,NULL,0,-37,'0x0','0x0',-1,'0x0','nil_tok_symb','0x0',0),(57,'2024-04-11 19:03:50','2024-04-11 19:03:50',NULL,27,'https://x.com/nurseduckworth/status/1778498085997396313?s=46&t=vLspChcJJ-qRWs26V077Zg','1778498085997396313','nurseduckworth',-1,'twitter','unknown',0,NULL,0,0,NULL,NULL,NULL,0,-37,'0x0','0x0',-1,'0x0','nil_tok_symb','0x0',0);
/*!40000 ALTER TABLE `shills` ENABLE KEYS */;
UNLOCK TABLES;

--
-- Table structure for table `user_blacklist_scammers`
--

DROP TABLE IF EXISTS `user_blacklist_scammers`;
/*!40101 SET @saved_cs_client     = @@character_set_client */;
/*!40101 SET character_set_client = utf8 */;
CREATE TABLE `user_blacklist_scammers` (
  `id` int(11) NOT NULL AUTO_INCREMENT,
  `dt_created` timestamp NOT NULL DEFAULT current_timestamp(),
  `dt_updated` timestamp NOT NULL DEFAULT current_timestamp(),
  `dt_deleted` timestamp NULL DEFAULT NULL,
  `fk_user_id_added` int(11) NOT NULL,
  `tg_user_id` varchar(40) NOT NULL,
  `tg_user_at` varchar(1024) DEFAULT 'nil_at',
  `tg_user_handle` varchar(1024) DEFAULT 'nil_handle',
  `tg_chat_id_found` varchar(40) NOT NULL,
  `is_enabled` tinyint(1) DEFAULT 0,
  UNIQUE KEY `ID` (`id`) USING BTREE
) ENGINE=InnoDB DEFAULT CHARSET=utf8mb3 COLLATE=utf8mb3_unicode_ci;
/*!40101 SET character_set_client = @saved_cs_client */;

--
-- Dumping data for table `user_blacklist_scammers`
--

LOCK TABLES `user_blacklist_scammers` WRITE;
/*!40000 ALTER TABLE `user_blacklist_scammers` DISABLE KEYS */;
/*!40000 ALTER TABLE `user_blacklist_scammers` ENABLE KEYS */;
UNLOCK TABLES;

--
-- Table structure for table `user_earns`
--

DROP TABLE IF EXISTS `user_earns`;
/*!40101 SET @saved_cs_client     = @@character_set_client */;
/*!40101 SET character_set_client = utf8 */;
CREATE TABLE `user_earns` (
  `id` int(11) NOT NULL AUTO_INCREMENT,
  `dt_created` timestamp NOT NULL DEFAULT current_timestamp(),
  `dt_updated` timestamp NOT NULL DEFAULT current_timestamp(),
  `dt_deleted` timestamp NULL DEFAULT NULL,
  `fk_user_id` int(11) NOT NULL,
  `usd_total` float NOT NULL DEFAULT 0,
  `usd_owed` float NOT NULL DEFAULT 0,
  `usd_paid` float NOT NULL DEFAULT 0,
  `withdraw_requested` tinyint(1) DEFAULT 0,
  UNIQUE KEY `ID` (`id`) USING BTREE
) ENGINE=InnoDB AUTO_INCREMENT=30 DEFAULT CHARSET=utf8mb3 COLLATE=utf8mb3_unicode_ci;
/*!40101 SET character_set_client = @saved_cs_client */;

--
-- Dumping data for table `user_earns`
--

LOCK TABLES `user_earns` WRITE;
/*!40000 ALTER TABLE `user_earns` DISABLE KEYS */;
INSERT INTO `user_earns` VALUES (1,'2024-03-14 20:47:32','2024-03-14 21:13:34',NULL,1,0.5,0.5,0,0),(2,'2024-03-14 21:45:54','2024-03-21 03:48:13',NULL,2,4,4,0,0),(3,'2024-03-17 21:51:13','2024-03-17 21:51:13',NULL,3,0,0,0,0),(4,'2024-03-18 18:05:06','2024-03-18 18:28:02',NULL,4,5,5,0,0),(5,'2024-03-20 00:59:29','2024-03-20 00:59:29',NULL,5,0,0,0,0),(6,'2024-03-21 03:45:02','2024-04-08 22:30:10',NULL,6,3,0,3,0),(7,'2024-03-21 20:52:40','2024-03-21 20:52:40',NULL,7,0,0,0,0),(8,'2024-03-21 21:43:35','2024-03-21 21:43:35',NULL,8,0,0,0,0),(9,'2024-03-21 22:05:34','2024-03-21 22:05:34',NULL,9,0,0,0,0),(10,'2024-04-04 19:27:31','2024-04-04 19:27:31',NULL,10,0,0,0,0),(11,'2024-04-04 22:00:03','2024-04-11 17:45:37',NULL,11,7,0,7,0),(12,'2024-04-04 22:13:32','2024-04-09 16:30:11',NULL,12,5,5,0,0),(13,'2024-04-06 23:24:08','2024-04-11 04:43:23',NULL,13,18.5,0,18.5,0),(14,'2024-04-07 01:10:48','2024-04-08 00:28:22',NULL,14,14,14,0,0),(15,'2024-04-07 06:52:31','2024-04-07 06:52:31',NULL,15,0,0,0,0),(16,'2024-04-07 07:02:55','2024-04-08 00:09:33',NULL,16,0.5,0.5,0,0),(17,'2024-04-07 09:48:08','2024-04-11 04:28:46',NULL,17,19.5,0,19.5,0),(18,'2024-04-07 20:56:31','2024-04-07 20:56:31',NULL,18,0,0,0,0),(19,'2024-04-07 23:58:57','2024-04-07 23:58:57',NULL,19,0,0,0,0),(20,'2024-04-08 10:33:49','2024-04-11 04:42:17',NULL,20,12,0,12,0),(21,'2024-04-08 11:57:27','2024-04-08 11:57:27',NULL,21,0,0,0,0),(22,'2024-04-08 19:18:38','2024-04-10 23:48:45',NULL,22,11,11,0,0),(23,'2024-04-10 20:22:14','2024-04-10 23:47:51',NULL,23,2,2,0,0),(24,'2024-04-11 06:13:13','2024-04-11 06:13:13',NULL,24,0,0,0,0),(25,'2024-04-11 06:19:17','2024-04-11 06:19:17',NULL,25,0,0,0,0),(26,'2024-04-11 09:33:49','2024-04-11 09:33:49',NULL,26,0,0,0,0),(27,'2024-04-11 11:30:23','2024-04-11 11:30:23',NULL,27,0,0,0,0),(28,'2024-04-11 16:56:01','2024-04-11 16:56:01',NULL,28,0,0,0,0),(29,'2024-04-11 18:25:19','2024-04-11 18:25:19',NULL,29,0,0,0,0);
/*!40000 ALTER TABLE `user_earns` ENABLE KEYS */;
UNLOCK TABLES;

--
-- Table structure for table `user_shill_rates`
--

DROP TABLE IF EXISTS `user_shill_rates`;
/*!40101 SET @saved_cs_client     = @@character_set_client */;
/*!40101 SET character_set_client = utf8 */;
CREATE TABLE `user_shill_rates` (
  `id` int(11) NOT NULL AUTO_INCREMENT,
  `dt_created` timestamp NOT NULL DEFAULT current_timestamp(),
  `dt_updated` timestamp NOT NULL DEFAULT current_timestamp(),
  `dt_deleted` timestamp NULL DEFAULT NULL,
  `fk_user_id` int(11) NOT NULL,
  `platform` varchar(40) NOT NULL,
  `type_descr` varchar(40) NOT NULL,
  `pay_usd` float DEFAULT 0,
  UNIQUE KEY `ID` (`id`) USING BTREE
) ENGINE=InnoDB AUTO_INCREMENT=175 DEFAULT CHARSET=utf8mb3 COLLATE=utf8mb3_unicode_ci;
/*!40101 SET character_set_client = @saved_cs_client */;

--
-- Dumping data for table `user_shill_rates`
--

LOCK TABLES `user_shill_rates` WRITE;
/*!40000 ALTER TABLE `user_shill_rates` DISABLE KEYS */;
INSERT INTO `user_shill_rates` VALUES (1,'2024-03-14 20:47:32','2024-03-14 20:47:32',NULL,1,'twitter','level_0',0.5),(2,'2024-03-14 20:47:32','2024-03-14 20:47:32',NULL,1,'twitter','level_1',1),(3,'2024-03-14 20:47:32','2024-03-14 20:47:32',NULL,1,'twitter','level_2',2),(4,'2024-03-14 20:47:32','2024-03-14 20:47:32',NULL,1,'twitter','level_3',5),(5,'2024-03-14 20:47:32','2024-03-14 20:47:32',NULL,1,'twitter','level_4',10),(6,'2024-03-14 20:47:32','2024-03-14 20:47:32',NULL,1,'twitter','level_5',25),(7,'2024-03-14 21:45:54','2024-03-14 21:45:54',NULL,2,'twitter','level_0',0.5),(8,'2024-03-14 21:45:54','2024-03-14 21:45:54',NULL,2,'twitter','level_1',1),(9,'2024-03-14 21:45:54','2024-03-14 21:45:54',NULL,2,'twitter','level_2',2),(10,'2024-03-14 21:45:54','2024-03-14 21:45:54',NULL,2,'twitter','level_3',5),(11,'2024-03-14 21:45:54','2024-03-14 21:45:54',NULL,2,'twitter','level_4',10),(12,'2024-03-14 21:45:54','2024-03-14 21:45:54',NULL,2,'twitter','level_5',25),(13,'2024-03-17 21:51:13','2024-03-17 21:51:13',NULL,3,'twitter','level_0',0.5),(14,'2024-03-17 21:51:13','2024-03-17 21:51:13',NULL,3,'twitter','level_1',1),(15,'2024-03-17 21:51:13','2024-03-17 21:51:13',NULL,3,'twitter','level_2',2),(16,'2024-03-17 21:51:13','2024-03-17 21:51:13',NULL,3,'twitter','level_3',5),(17,'2024-03-17 21:51:13','2024-03-17 21:51:13',NULL,3,'twitter','level_4',10),(18,'2024-03-17 21:51:13','2024-03-17 21:51:13',NULL,3,'twitter','level_5',25),(19,'2024-03-18 18:05:06','2024-03-18 18:05:06',NULL,4,'twitter','level_0',0.5),(20,'2024-03-18 18:05:06','2024-03-18 18:05:06',NULL,4,'twitter','level_1',1),(21,'2024-03-18 18:05:06','2024-03-18 18:05:06',NULL,4,'twitter','level_2',2),(22,'2024-03-18 18:05:06','2024-03-18 18:05:06',NULL,4,'twitter','level_3',5),(23,'2024-03-18 18:05:06','2024-03-18 18:05:06',NULL,4,'twitter','level_4',10),(24,'2024-03-18 18:05:06','2024-03-18 18:05:06',NULL,4,'twitter','level_5',25),(25,'2024-03-20 00:59:29','2024-03-20 00:59:29',NULL,5,'twitter','level_0',0.5),(26,'2024-03-20 00:59:29','2024-03-20 00:59:29',NULL,5,'twitter','level_1',1),(27,'2024-03-20 00:59:29','2024-03-20 00:59:29',NULL,5,'twitter','level_2',2),(28,'2024-03-20 00:59:29','2024-03-20 00:59:29',NULL,5,'twitter','level_3',5),(29,'2024-03-20 00:59:29','2024-03-20 00:59:29',NULL,5,'twitter','level_4',10),(30,'2024-03-20 00:59:29','2024-03-20 00:59:29',NULL,5,'twitter','level_5',25),(31,'2024-03-21 03:45:02','2024-03-21 03:45:02',NULL,6,'twitter','level_0',0.5),(32,'2024-03-21 03:45:02','2024-03-21 03:45:02',NULL,6,'twitter','level_1',1),(33,'2024-03-21 03:45:02','2024-03-21 03:45:02',NULL,6,'twitter','level_2',2),(34,'2024-03-21 03:45:02','2024-03-21 03:45:02',NULL,6,'twitter','level_3',5),(35,'2024-03-21 03:45:02','2024-03-21 03:45:02',NULL,6,'twitter','level_4',10),(36,'2024-03-21 03:45:02','2024-03-21 03:45:02',NULL,6,'twitter','level_5',25),(37,'2024-03-21 20:52:40','2024-03-21 20:52:40',NULL,7,'twitter','level_0',0.5),(38,'2024-03-21 20:52:40','2024-03-21 20:52:40',NULL,7,'twitter','level_1',1),(39,'2024-03-21 20:52:40','2024-03-21 20:52:40',NULL,7,'twitter','level_2',2),(40,'2024-03-21 20:52:40','2024-03-21 20:52:40',NULL,7,'twitter','level_3',5),(41,'2024-03-21 20:52:40','2024-03-21 20:52:40',NULL,7,'twitter','level_4',10),(42,'2024-03-21 20:52:40','2024-03-21 20:52:40',NULL,7,'twitter','level_5',25),(43,'2024-03-21 21:43:35','2024-03-21 21:43:35',NULL,8,'twitter','level_0',0.5),(44,'2024-03-21 21:43:35','2024-03-21 21:43:35',NULL,8,'twitter','level_1',1),(45,'2024-03-21 21:43:35','2024-03-21 21:43:35',NULL,8,'twitter','level_2',2),(46,'2024-03-21 21:43:35','2024-03-21 21:43:35',NULL,8,'twitter','level_3',5),(47,'2024-03-21 21:43:35','2024-03-21 21:43:35',NULL,8,'twitter','level_4',10),(48,'2024-03-21 21:43:35','2024-03-21 21:43:35',NULL,8,'twitter','level_5',25),(49,'2024-03-21 22:05:34','2024-03-21 22:05:34',NULL,9,'twitter','level_0',0.5),(50,'2024-03-21 22:05:34','2024-03-21 22:05:34',NULL,9,'twitter','level_1',1),(51,'2024-03-21 22:05:34','2024-03-21 22:05:34',NULL,9,'twitter','level_2',2),(52,'2024-03-21 22:05:34','2024-03-21 22:05:34',NULL,9,'twitter','level_3',5),(53,'2024-03-21 22:05:34','2024-03-21 22:05:34',NULL,9,'twitter','level_4',10),(54,'2024-03-21 22:05:34','2024-03-21 22:05:34',NULL,9,'twitter','level_5',25),(55,'2024-04-04 19:27:31','2024-04-04 19:27:31',NULL,10,'twitter','level_0',0.5),(56,'2024-04-04 19:27:31','2024-04-04 19:27:31',NULL,10,'twitter','level_1',1),(57,'2024-04-04 19:27:31','2024-04-04 19:27:31',NULL,10,'twitter','level_2',2),(58,'2024-04-04 19:27:31','2024-04-04 19:27:31',NULL,10,'twitter','level_3',5),(59,'2024-04-04 19:27:31','2024-04-04 19:27:31',NULL,10,'twitter','level_4',10),(60,'2024-04-04 19:27:31','2024-04-04 19:27:31',NULL,10,'twitter','level_5',25),(61,'2024-04-04 22:00:03','2024-04-04 22:00:03',NULL,11,'twitter','level_0',0.5),(62,'2024-04-04 22:00:03','2024-04-04 22:00:03',NULL,11,'twitter','level_1',1),(63,'2024-04-04 22:00:03','2024-04-04 22:00:03',NULL,11,'twitter','level_2',2),(64,'2024-04-04 22:00:03','2024-04-04 22:00:03',NULL,11,'twitter','level_3',5),(65,'2024-04-04 22:00:03','2024-04-04 22:00:03',NULL,11,'twitter','level_4',10),(66,'2024-04-04 22:00:03','2024-04-04 22:00:03',NULL,11,'twitter','level_5',25),(67,'2024-04-04 22:13:32','2024-04-04 22:13:32',NULL,12,'twitter','level_0',0.5),(68,'2024-04-04 22:13:32','2024-04-04 22:13:32',NULL,12,'twitter','level_1',1),(69,'2024-04-04 22:13:32','2024-04-04 22:13:32',NULL,12,'twitter','level_2',2),(70,'2024-04-04 22:13:32','2024-04-04 22:13:32',NULL,12,'twitter','level_3',5),(71,'2024-04-04 22:13:32','2024-04-04 22:13:32',NULL,12,'twitter','level_4',10),(72,'2024-04-04 22:13:32','2024-04-04 22:13:32',NULL,12,'twitter','level_5',25),(73,'2024-04-06 23:24:08','2024-04-06 23:24:08',NULL,13,'twitter','level_0',0.5),(74,'2024-04-06 23:24:08','2024-04-06 23:24:08',NULL,13,'twitter','level_1',1),(75,'2024-04-06 23:24:08','2024-04-06 23:24:08',NULL,13,'twitter','level_2',2),(76,'2024-04-06 23:24:08','2024-04-06 23:24:08',NULL,13,'twitter','level_3',5),(77,'2024-04-06 23:24:08','2024-04-06 23:24:08',NULL,13,'twitter','level_4',10),(78,'2024-04-06 23:24:08','2024-04-06 23:24:08',NULL,13,'twitter','level_5',25),(79,'2024-04-07 01:10:48','2024-04-07 01:10:48',NULL,14,'twitter','level_0',0.5),(80,'2024-04-07 01:10:48','2024-04-07 01:10:48',NULL,14,'twitter','level_1',1),(81,'2024-04-07 01:10:48','2024-04-07 01:10:48',NULL,14,'twitter','level_2',2),(82,'2024-04-07 01:10:48','2024-04-07 01:10:48',NULL,14,'twitter','level_3',5),(83,'2024-04-07 01:10:48','2024-04-07 01:10:48',NULL,14,'twitter','level_4',10),(84,'2024-04-07 01:10:48','2024-04-07 01:10:48',NULL,14,'twitter','level_5',25),(85,'2024-04-07 06:52:31','2024-04-07 06:52:31',NULL,15,'twitter','level_0',0.5),(86,'2024-04-07 06:52:31','2024-04-07 06:52:31',NULL,15,'twitter','level_1',1),(87,'2024-04-07 06:52:31','2024-04-07 06:52:31',NULL,15,'twitter','level_2',2),(88,'2024-04-07 06:52:31','2024-04-07 06:52:31',NULL,15,'twitter','level_3',5),(89,'2024-04-07 06:52:31','2024-04-07 06:52:31',NULL,15,'twitter','level_4',10),(90,'2024-04-07 06:52:31','2024-04-07 06:52:31',NULL,15,'twitter','level_5',25),(91,'2024-04-07 07:02:55','2024-04-07 07:02:55',NULL,16,'twitter','level_0',0.5),(92,'2024-04-07 07:02:55','2024-04-07 07:02:55',NULL,16,'twitter','level_1',1),(93,'2024-04-07 07:02:55','2024-04-07 07:02:55',NULL,16,'twitter','level_2',2),(94,'2024-04-07 07:02:55','2024-04-07 07:02:55',NULL,16,'twitter','level_3',5),(95,'2024-04-07 07:02:55','2024-04-07 07:02:55',NULL,16,'twitter','level_4',10),(96,'2024-04-07 07:02:55','2024-04-07 07:02:55',NULL,16,'twitter','level_5',25),(97,'2024-04-07 09:48:08','2024-04-07 09:48:08',NULL,17,'twitter','level_0',0.5),(98,'2024-04-07 09:48:08','2024-04-07 09:48:08',NULL,17,'twitter','level_1',1),(99,'2024-04-07 09:48:08','2024-04-07 09:48:08',NULL,17,'twitter','level_2',2),(100,'2024-04-07 09:48:08','2024-04-07 09:48:08',NULL,17,'twitter','level_3',5),(101,'2024-04-07 09:48:08','2024-04-07 09:48:08',NULL,17,'twitter','level_4',10),(102,'2024-04-07 09:48:08','2024-04-07 09:48:08',NULL,17,'twitter','level_5',25),(103,'2024-04-07 20:56:31','2024-04-07 20:56:31',NULL,18,'twitter','level_0',0.5),(104,'2024-04-07 20:56:31','2024-04-07 20:56:31',NULL,18,'twitter','level_1',1),(105,'2024-04-07 20:56:31','2024-04-07 20:56:31',NULL,18,'twitter','level_2',2),(106,'2024-04-07 20:56:31','2024-04-07 20:56:31',NULL,18,'twitter','level_3',5),(107,'2024-04-07 20:56:31','2024-04-07 20:56:31',NULL,18,'twitter','level_4',10),(108,'2024-04-07 20:56:31','2024-04-07 20:56:31',NULL,18,'twitter','level_5',25),(109,'2024-04-07 23:58:57','2024-04-07 23:58:57',NULL,19,'twitter','level_0',0.5),(110,'2024-04-07 23:58:57','2024-04-07 23:58:57',NULL,19,'twitter','level_1',1),(111,'2024-04-07 23:58:57','2024-04-07 23:58:57',NULL,19,'twitter','level_2',2),(112,'2024-04-07 23:58:57','2024-04-07 23:58:57',NULL,19,'twitter','level_3',5),(113,'2024-04-07 23:58:57','2024-04-07 23:58:57',NULL,19,'twitter','level_4',10),(114,'2024-04-07 23:58:57','2024-04-07 23:58:57',NULL,19,'twitter','level_5',25),(115,'2024-04-08 10:33:49','2024-04-08 10:33:49',NULL,20,'twitter','level_0',0.5),(116,'2024-04-08 10:33:49','2024-04-08 10:33:49',NULL,20,'twitter','level_1',1),(117,'2024-04-08 10:33:49','2024-04-08 10:33:49',NULL,20,'twitter','level_2',2),(118,'2024-04-08 10:33:49','2024-04-08 10:33:49',NULL,20,'twitter','level_3',5),(119,'2024-04-08 10:33:49','2024-04-08 10:33:49',NULL,20,'twitter','level_4',10),(120,'2024-04-08 10:33:49','2024-04-08 10:33:49',NULL,20,'twitter','level_5',25),(121,'2024-04-08 11:57:27','2024-04-08 11:57:27',NULL,21,'twitter','level_0',0.5),(122,'2024-04-08 11:57:27','2024-04-08 11:57:27',NULL,21,'twitter','level_1',1),(123,'2024-04-08 11:57:27','2024-04-08 11:57:27',NULL,21,'twitter','level_2',2),(124,'2024-04-08 11:57:27','2024-04-08 11:57:27',NULL,21,'twitter','level_3',5),(125,'2024-04-08 11:57:27','2024-04-08 11:57:27',NULL,21,'twitter','level_4',10),(126,'2024-04-08 11:57:27','2024-04-08 11:57:27',NULL,21,'twitter','level_5',25),(127,'2024-04-08 19:18:38','2024-04-08 19:18:38',NULL,22,'twitter','level_0',0.5),(128,'2024-04-08 19:18:38','2024-04-08 19:18:38',NULL,22,'twitter','level_1',1),(129,'2024-04-08 19:18:38','2024-04-08 19:18:38',NULL,22,'twitter','level_2',2),(130,'2024-04-08 19:18:38','2024-04-08 19:18:38',NULL,22,'twitter','level_3',5),(131,'2024-04-08 19:18:38','2024-04-08 19:18:38',NULL,22,'twitter','level_4',10),(132,'2024-04-08 19:18:38','2024-04-08 19:18:38',NULL,22,'twitter','level_5',25),(133,'2024-04-10 20:22:14','2024-04-10 20:22:14',NULL,23,'twitter','level_0',0.5),(134,'2024-04-10 20:22:14','2024-04-10 20:22:14',NULL,23,'twitter','level_1',1),(135,'2024-04-10 20:22:14','2024-04-10 20:22:14',NULL,23,'twitter','level_2',2),(136,'2024-04-10 20:22:14','2024-04-10 20:22:14',NULL,23,'twitter','level_3',5),(137,'2024-04-10 20:22:14','2024-04-10 20:22:14',NULL,23,'twitter','level_4',10),(138,'2024-04-10 20:22:14','2024-04-10 20:22:14',NULL,23,'twitter','level_5',25),(139,'2024-04-11 06:13:13','2024-04-11 06:13:13',NULL,24,'twitter','level_0',0.5),(140,'2024-04-11 06:13:13','2024-04-11 06:13:13',NULL,24,'twitter','level_1',1),(141,'2024-04-11 06:13:13','2024-04-11 06:13:13',NULL,24,'twitter','level_2',2),(142,'2024-04-11 06:13:13','2024-04-11 06:13:13',NULL,24,'twitter','level_3',5),(143,'2024-04-11 06:13:13','2024-04-11 06:13:13',NULL,24,'twitter','level_4',10),(144,'2024-04-11 06:13:13','2024-04-11 06:13:13',NULL,24,'twitter','level_5',25),(145,'2024-04-11 06:19:17','2024-04-11 06:19:17',NULL,25,'twitter','level_0',0.5),(146,'2024-04-11 06:19:17','2024-04-11 06:19:17',NULL,25,'twitter','level_1',1),(147,'2024-04-11 06:19:17','2024-04-11 06:19:17',NULL,25,'twitter','level_2',2),(148,'2024-04-11 06:19:17','2024-04-11 06:19:17',NULL,25,'twitter','level_3',5),(149,'2024-04-11 06:19:17','2024-04-11 06:19:17',NULL,25,'twitter','level_4',10),(150,'2024-04-11 06:19:17','2024-04-11 06:19:17',NULL,25,'twitter','level_5',25),(151,'2024-04-11 09:33:49','2024-04-11 09:33:49',NULL,26,'twitter','level_0',0.5),(152,'2024-04-11 09:33:49','2024-04-11 09:33:49',NULL,26,'twitter','level_1',1),(153,'2024-04-11 09:33:49','2024-04-11 09:33:49',NULL,26,'twitter','level_2',2),(154,'2024-04-11 09:33:49','2024-04-11 09:33:49',NULL,26,'twitter','level_3',5),(155,'2024-04-11 09:33:49','2024-04-11 09:33:49',NULL,26,'twitter','level_4',10),(156,'2024-04-11 09:33:49','2024-04-11 09:33:49',NULL,26,'twitter','level_5',25),(157,'2024-04-11 11:30:23','2024-04-11 11:30:23',NULL,27,'twitter','level_0',0.5),(158,'2024-04-11 11:30:23','2024-04-11 11:30:23',NULL,27,'twitter','level_1',1),(159,'2024-04-11 11:30:23','2024-04-11 11:30:23',NULL,27,'twitter','level_2',2),(160,'2024-04-11 11:30:23','2024-04-11 11:30:23',NULL,27,'twitter','level_3',5),(161,'2024-04-11 11:30:23','2024-04-11 11:30:23',NULL,27,'twitter','level_4',10),(162,'2024-04-11 11:30:23','2024-04-11 11:30:23',NULL,27,'twitter','level_5',25),(163,'2024-04-11 16:56:01','2024-04-11 16:56:01',NULL,28,'twitter','level_0',0.5),(164,'2024-04-11 16:56:01','2024-04-11 16:56:01',NULL,28,'twitter','level_1',1),(165,'2024-04-11 16:56:01','2024-04-11 16:56:01',NULL,28,'twitter','level_2',2),(166,'2024-04-11 16:56:01','2024-04-11 16:56:01',NULL,28,'twitter','level_3',5),(167,'2024-04-11 16:56:01','2024-04-11 16:56:01',NULL,28,'twitter','level_4',10),(168,'2024-04-11 16:56:01','2024-04-11 16:56:01',NULL,28,'twitter','level_5',25),(169,'2024-04-11 18:25:19','2024-04-11 18:25:19',NULL,29,'twitter','level_0',0.5),(170,'2024-04-11 18:25:19','2024-04-11 18:25:19',NULL,29,'twitter','level_1',1),(171,'2024-04-11 18:25:19','2024-04-11 18:25:19',NULL,29,'twitter','level_2',2),(172,'2024-04-11 18:25:19','2024-04-11 18:25:19',NULL,29,'twitter','level_3',5),(173,'2024-04-11 18:25:19','2024-04-11 18:25:19',NULL,29,'twitter','level_4',10),(174,'2024-04-11 18:25:19','2024-04-11 18:25:19',NULL,29,'twitter','level_5',25);
/*!40000 ALTER TABLE `user_shill_rates` ENABLE KEYS */;
UNLOCK TABLES;

--
-- Table structure for table `users`
--

DROP TABLE IF EXISTS `users`;
/*!40101 SET @saved_cs_client     = @@character_set_client */;
/*!40101 SET character_set_client = utf8 */;
CREATE TABLE `users` (
  `id` int(11) NOT NULL AUTO_INCREMENT,
  `dt_created` timestamp NOT NULL DEFAULT current_timestamp(),
  `dt_updated` timestamp NOT NULL DEFAULT current_timestamp(),
  `dt_deleted` timestamp NULL DEFAULT NULL,
  `tg_user_id` varchar(40) NOT NULL,
  `tg_user_at` varchar(1024) DEFAULT 'nil_at',
  `tg_user_handle` varchar(1024) DEFAULT 'nil_handle',
  `tw_user_at` varchar(255) DEFAULT '',
  `tw_user_handle` varchar(1024) DEFAULT '',
  `tw_conf_url` varchar(1024) DEFAULT '',
  `tw_conf_id` varchar(40) DEFAULT '',
  `dt_last_tw_conf` timestamp NULL DEFAULT NULL,
  `fk_last_shill_id` int(11) DEFAULT -1,
  `wallet_address` varchar(255) DEFAULT '0x0',
  `is_admin` tinyint(1) DEFAULT 0,
  `is_admin_pay` tinyint(1) DEFAULT 0,
  UNIQUE KEY `ID` (`id`) USING BTREE
) ENGINE=InnoDB AUTO_INCREMENT=30 DEFAULT CHARSET=utf8mb3 COLLATE=utf8mb3_unicode_ci;
/*!40101 SET character_set_client = @saved_cs_client */;

--
-- Dumping data for table `users`
--

LOCK TABLES `users` WRITE;
/*!40000 ALTER TABLE `users` DISABLE KEYS */;
INSERT INTO `users` VALUES (2,'2024-03-14 21:45:54','2024-03-14 21:45:54',NULL,'1770298859','tir_fly','Tir','chucknorrisprc','','https://x.com/chucknorrisprc/status/1768392990609809777?s=20','1768392990609809777','2024-03-14 21:45:54',-1,'0xCF7251372b0c023e7BF46427c55D6B40E356510d',0,0),(4,'2024-03-18 18:05:06','2024-03-18 18:05:06',NULL,'6919802491','fricardooo','nil_handle_disabled','fricardooo','','https://x.com/fricardooo/status/1769660430861897989?s=20','1769660430861897989','2024-03-18 18:05:06',-1,'0x8F1F9653C056b41dF1Ca4d521Fd1d16Ff8A8A00d',0,0),(6,'2024-03-21 03:45:02','2024-04-08 22:18:07',NULL,'581475171','housing37','nil_handle_disabled','housing37','','https://x.com/housing37/status/1770550133387915683?s=20','1770550133387915683','2024-03-21 03:45:02',-1,'0x75621f628DF0748Ae8475FcD44ed394feB9819BD',1,0),(7,'2024-03-21 20:52:40','2024-03-21 20:58:40',NULL,'1693021537','LukeDuke5555','nil_disabled','richardslongg','','https://twitter.com/richardslongg/status/1770916148755726654?s=19','1770916148755726654','2024-03-21 20:52:40',-1,'0x488B3Ae9B55bac6622D6cB60871e97979F404DC9',0,0),(9,'2024-03-21 22:05:34','2024-03-21 22:05:34',NULL,'1019220630','WhiteRabbit0x0','nil_disabled','FuckWorldCoin','','https://x.com/FuckWorldCoin/status/1770934680252031387?s=20','1770934680252031387','2024-03-21 22:05:34',-1,'0x0',0,0),(10,'2024-04-04 19:27:31','2024-04-04 19:27:31',NULL,'5138838422','psi931','nil_disabled','TheSimonBurnett','','https://x.com/TheSimonBurnett/status/1775968345164001614?s=20','1775968345164001614','2024-04-04 19:27:31',-1,'0x0',0,0),(11,'2024-04-04 22:00:03','2024-04-11 12:32:18',NULL,'1255644269','jay_555','nil_disabled','cryptonomad6','','https://x.com/cryptonomad6/status/1776006518002868572?s=46','1776006518002868572','2024-04-04 22:00:03',-1,'0xC4FD0E63C863bA9f6Cb1dF9AB218060b94a25F91',0,0),(12,'2024-04-04 22:13:32','2024-04-04 22:13:32',NULL,'6900972647','AlbertoBundy','nil_disabled','midpointTO','','https://twitter.com/midpointTO/status/1775989944437064120?t=NrAJP03BDR5f07Aw03K20w&s=19','1775989944437064120','2024-04-04 22:13:32',-1,'0x0',0,0),(13,'2024-04-06 23:24:08','2024-04-11 04:40:40',NULL,'2102645538','sb_defi','nil_disabled','Defi_SB','','https://x.com/Defi_SB/status/1776752662832411124?t=2__f-g2CVJW_nUeEqD-4PQ&s=35','1776752662832411124','2024-04-06 23:24:08',-1,'0x9e5De869d2981C413595117c43D5447642e7c454',0,0),(14,'2024-04-07 01:10:48','2024-04-07 01:16:04',NULL,'1924983670','InfinityIntruder','nil_disabled','diamond_grip','','https://x.com/diamond_grip/status/1776779488476688875?s=46&t=pfYAtlj9U_iyDuit5cTn-g','1776779488476688875','2024-04-07 01:10:48',-1,'0x4DB77F9331E1a4A8837369e255E7f435a4024A79',0,0),(16,'2024-04-07 07:02:55','2024-04-07 07:03:30',NULL,'1680936626','dai_roko','nil_disabled','goran44840523','','https://x.com/goran44840523/status/1776865384588620198?s=46&t=RjSxNI4Z5ftQMT3Jj2CMHQ','1776865384588620198','2024-04-07 07:02:55',-1,'0xd724bE86224BcBb0400f844CCf21e5C3869bcEb4',0,0),(17,'2024-04-07 09:48:08','2024-04-07 09:48:08',NULL,'1611221518','DepthBySoul','nil_disabled','CatcoinPLS','','https://twitter.com/CatcoinPLS/status/1776909439150313621?t=D-k5F_NV8h8aWDM3jmZmpA&s=19','1776909439150313621','2024-04-07 09:48:08',-1,'0xFDc3840B0C8C403DB40eAD02C98D529B85e5aB83',0,0),(18,'2024-04-07 20:56:31','2024-04-07 21:02:21',NULL,'1562054766','KeystonedCrypt','nil_disabled','mariomoho','','https://x.com/mariomoho/status/1777077733123666379?s=46&t=E6sNX59ZSwm7v46Lfy1fXQ','1777077733123666379','2024-04-07 20:56:31',-1,'0x9f58a318dca052e3519e6238c167e3deb113f261',0,0),(19,'2024-04-07 23:58:57','2024-04-07 23:58:57',NULL,'1322132066','EdJaAeJa','nil_disabled','nikexdior1','','https://x.com/nikexdior1/status/1777123791006466546?s=46&t=BJC4DjVY_OS3F0Urnxf_Ew','1777123791006466546','2024-04-07 23:58:57',-1,'0x0',0,0),(20,'2024-04-08 10:33:49','2024-04-10 01:14:22',NULL,'883484109','spinalBiff','nil_disabled','PulseBitcoin','','https://twitter.com/PulseBitcoin/status/1777278698254745660?t=fqrt2SWNhGvU-C_BIfKMOw&s=19','1777278698254745660','2024-04-08 10:33:49',-1,'0xc54AdF706aFfA130F6af103c7EfAE9D4aCFedCe7',0,0),(21,'2024-04-08 11:57:27','2024-04-08 11:57:27',NULL,'6677575223','cryptofuturist9','nil_disabled','cryptofuturist9','','https://x.com/cryptofuturist9/status/1777304643829195246?s=46&t=CVqOovXV7yl3mhZvzj8Gfg','1777304643829195246','2024-04-08 11:57:27',-1,'0x0',0,0),(22,'2024-04-08 19:18:38','2024-04-08 19:18:38',NULL,'1860039248','hamzaelkoulfi','nil_disabled','puthto_sucess','','https://x.com/puthto_sucess/status/1777408984414064833?=20','1777408984414064833','2024-04-08 19:18:38',-1,'0x0',0,0),(23,'2024-04-10 20:22:14','2024-04-10 20:22:14',NULL,'5604426019','Abdel_G','nil_disabled','authenticabdel','','https://x.com/authenticabdel/status/1778155886416175433?s=46','1778155886416175433','2024-04-10 20:22:14',-1,'0x8AC7f841af79613d6B5Dbc23b67258B3f8268a9e',0,0),(24,'2024-04-11 06:13:13','2024-04-11 06:18:54',NULL,'1058890141','laycpirates','nil_disabled','NFTDjen','','https://twitter.com/NFTDjen/status/1778263045476847771','1778263045476847771','2024-04-11 06:13:13',-1,'0xFf289A34eb119D20E59572f5da7a7b8cdB5e7314',0,0),(25,'2024-04-11 06:19:17','2024-04-11 06:36:29',NULL,'6232949381','Thomasthetankenginepls','nil_disabled','zephyrushom','','https://x.com/zephyrushom/status/1778306524215169228?s=46&t=b7U4WdhxMuhnF2TSIizy1Q','1778306524215169228','2024-04-11 06:19:17',-1,'<0x7c659bAb15e8C8BEd74F1B9c1c2CADEe39884F19>',0,0),(26,'2024-04-11 09:33:49','2024-04-11 09:40:45',NULL,'1722007140','DHexian','nil_disabled','PLS3777','','https://x.com/PLS3777/status/1778355573853212832?t=7us75AlDUN9EOiM7sUK3oQ&s=35','1778355573853212832','2024-04-11 09:33:49',-1,'<0xE1edF9f2da6fDEE322EE0a65711cD5C5d2111EbD>',0,0),(27,'2024-04-11 11:30:23','2024-04-11 11:33:53',NULL,'5328389392','Nurse_Duckworth','nil_disabled','nurseduckworth','','https://x.com/nurseduckworth/status/1778383062176329866?s=46&t=vLspChcJJ-qRWs26V077Zg','1778383062176329866','2024-04-11 11:30:23',-1,'0xa6789E8FE469ac9dEDaF5A0F513a01E1085A83D9',0,0),(28,'2024-04-11 16:56:01','2024-04-11 16:58:18',NULL,'5293581657','PLSChameleon','nil_disabled','PLSChameleon','','https://twitter.com/PLSChameleon/status/1778466826563039468?t=adpAzMOzgA25xyQhSPyMEg&s=19','1778466826563039468','2024-04-11 16:56:01',-1,'0xf1be65b253271a1652a1c3c636af1059faa44554',0,0),(29,'2024-04-11 18:25:19','2024-04-11 18:26:15',NULL,'5590471383','penguinjo','nil_disabled','EscobarHHC','','https://twitter.com/EscobarHHC/status/1778489396293157183','1778489396293157183','2024-04-11 18:25:19',-1,'0xE5BdF5C81D5C1f81e2763692cD81EF0D6B9c8356',0,0);
/*!40000 ALTER TABLE `users` ENABLE KEYS */;
UNLOCK TABLES;
/*!40103 SET TIME_ZONE=@OLD_TIME_ZONE */;

/*!40101 SET SQL_MODE=@OLD_SQL_MODE */;
/*!40014 SET FOREIGN_KEY_CHECKS=@OLD_FOREIGN_KEY_CHECKS */;
/*!40014 SET UNIQUE_CHECKS=@OLD_UNIQUE_CHECKS */;
/*!40101 SET CHARACTER_SET_CLIENT=@OLD_CHARACTER_SET_CLIENT */;
/*!40101 SET CHARACTER_SET_RESULTS=@OLD_CHARACTER_SET_RESULTS */;
/*!40101 SET COLLATION_CONNECTION=@OLD_COLLATION_CONNECTION */;
/*!40111 SET SQL_NOTES=@OLD_SQL_NOTES */;

-- Dump completed on 2024-04-11 19:49:26
